                  epoch,         train/box_loss,         train/cls_loss,         train/dfl_loss,   metrics/precision(B),      metrics/recall(B),       metrics/mAP50(B),    metrics/mAP50-95(B),           val/box_loss,           val/cls_loss,           val/dfl_loss,                 lr/pg0,                 lr/pg1,                 lr/pg2
                      0,                 1.2943,                 4.0323,                 1.3712,                0.00673,                      1,                0.25922,                0.20911,                0.70079,                 3.6123,                0.91453,                 0.0784,                 0.0024,                 0.0024
                      1,                 1.1526,                 3.9432,                 1.2438,                0.00764,                      1,                0.21941,                0.16915,                0.72875,                 3.6263,                0.96248,               0.055884,              0.0048838,              0.0048838
                      2,                 1.1215,                 3.8003,                 1.2051,                0.00909,                      1,                0.29031,                0.21571,                0.66707,                 3.5329,                0.91142,               0.033351,              0.0073512,              0.0073512
                      3,                 1.1373,                 3.6428,                 1.2172,                0.76908,                0.11429,                 0.2856,                0.19686,                0.86894,                 3.2338,                 1.0575,               0.010802,               0.009802,               0.009802
                      4,                 1.2598,                 3.5018,                 1.2288,                0.67193,                0.12388,                0.17537,                0.12325,                 1.0981,                 3.6424,                 1.2109,               0.009868,               0.009868,               0.009868
                      5,                 1.2664,                 3.3559,                 1.2783,                0.32119,                0.29286,                0.25093,                0.18376,                 0.9253,                  3.356,                 1.1035,               0.009868,               0.009868,               0.009868
                      6,                 1.2922,                 3.2229,                  1.277,                0.14847,                0.41614,                0.21777,                0.15385,                0.99837,                 3.2756,                 1.2946,               0.009835,               0.009835,               0.009835
                      7,                 1.3381,                 3.0784,                 1.3028,                 0.2596,                0.60714,                0.18291,                0.13643,                 1.0072,                 4.0035,                  1.318,               0.009802,               0.009802,               0.009802
                      8,                 1.3615,                 2.8814,                 1.3252,                0.15113,                 0.5409,                0.26121,                0.17945,                0.99067,                 2.8632,                 1.1939,               0.009769,               0.009769,               0.009769
                      9,                  1.378,                 2.8601,                 1.3281,                0.27362,                0.31667,                 0.2269,                0.14853,                 1.2101,                 2.9431,                  1.348,               0.009736,               0.009736,               0.009736
                     10,                 1.3546,                 2.8672,                 1.3412,                0.10566,                0.19286,                0.19382,                0.13424,                  1.073,                 2.8994,                 1.2602,               0.009703,               0.009703,               0.009703
                     11,                 1.3283,                 2.7791,                  1.276,                0.09098,                0.16429,                0.18548,                0.12594,                0.99856,                 3.0461,                 1.2265,                0.00967,                0.00967,                0.00967
                     12,                 1.2903,                 2.6888,                 1.2668,                0.31617,                0.30758,                0.21836,                0.15042,                  1.039,                 2.9784,                 1.2712,               0.009637,               0.009637,               0.009637
                     13,                  1.256,                 2.5506,                 1.2315,                 0.3857,                0.20211,                0.29832,                0.19416,                 1.0042,                 3.1848,                 1.3731,               0.009604,               0.009604,               0.009604
                     14,                 1.3518,                 2.5297,                 1.3178,                0.14502,                0.34087,                0.31841,                0.19042,                 1.0449,                 3.0822,                 1.3108,               0.009571,               0.009571,               0.009571
                     15,                 1.2744,                 2.5074,                 1.2783,                0.08654,                0.38571,                  0.251,                 0.1085,                 1.3466,                 2.9565,                 1.4948,               0.009538,               0.009538,               0.009538
                     16,                 1.3025,                 2.5212,                 1.3345,                0.15466,                0.45145,                0.29526,                 0.1934,                  1.163,                 2.9605,                 1.3272,               0.009505,               0.009505,               0.009505
                     17,                 1.3067,                 2.4268,                 1.3097,                0.12128,                0.36667,                0.17492,                 0.1161,                 1.3664,                   4.19,                 1.5405,               0.009472,               0.009472,               0.009472
                     18,                 1.3058,                 2.4102,                  1.297,                0.22633,                0.30476,                0.35562,                 0.2277,                 1.0713,                 2.6851,                 1.2431,               0.009439,               0.009439,               0.009439
                     19,                 1.2836,                 2.4034,                 1.3028,                0.38702,                 0.3464,                0.42459,                0.30571,                0.92288,                 2.4794,                 1.2266,               0.009406,               0.009406,               0.009406
                     20,                 1.2414,                  2.271,                 1.2822,                0.51841,                 0.3614,                  0.391,                0.26751,                0.95774,                 2.5602,                 1.2133,               0.009373,               0.009373,               0.009373
                     21,                 1.2433,                 2.2619,                 1.2477,                 0.3708,                0.53798,                0.46135,                0.31598,                 1.0809,                 2.6096,                 1.3705,                0.00934,                0.00934,                0.00934
                     22,                 1.2435,                 2.2366,                 1.2573,                0.34735,                0.51359,                0.45901,                0.31827,                 1.0691,                 2.4051,                 1.3967,               0.009307,               0.009307,               0.009307
                     23,                 1.2638,                 2.2205,                 1.2782,                0.25363,                0.55344,                0.36766,                0.19446,                 1.1736,                 3.3474,                 1.4317,               0.009274,               0.009274,               0.009274
                     24,                 1.2656,                 2.1542,                 1.2701,                0.50547,                0.41887,                 0.3359,                0.23611,                  1.005,                 3.3573,                 1.2344,               0.009241,               0.009241,               0.009241
                     25,                 1.2958,                  2.201,                  1.288,                0.29877,                0.55317,                0.41938,                0.23031,                 1.3212,                 2.8937,                  1.555,               0.009208,               0.009208,               0.009208
                     26,                 1.2698,                 2.1569,                  1.295,                0.60299,                0.39267,                0.53294,                0.34532,                 1.1116,                 3.2162,                 1.4998,               0.009175,               0.009175,               0.009175
                     27,                 1.2415,                 2.1474,                 1.2797,                0.53056,                0.44048,                0.55508,                0.39428,                0.95191,                 2.9356,                 1.2724,               0.009142,               0.009142,               0.009142
                     28,                 1.2299,                 2.1115,                 1.2385,                0.43554,                0.53783,                0.53085,                0.38787,                  1.057,                 2.5454,                 1.2594,               0.009109,               0.009109,               0.009109
                     29,                 1.2134,                 1.9803,                 1.2487,                0.28452,                0.64048,                 0.5203,                 0.3855,                0.93025,                  2.495,                 1.1527,               0.009076,               0.009076,               0.009076
                     30,                 1.1634,                 1.9659,                 1.2248,                0.41621,                0.59421,                0.61976,                0.43973,                0.94985,                 2.3089,                  1.222,               0.009043,               0.009043,               0.009043
                     31,                 1.2405,                 2.0812,                 1.2967,                0.60142,                 0.6123,                0.69153,                0.43114,                 1.0797,                 2.2806,                 1.4513,                0.00901,                0.00901,                0.00901
                     32,                 1.2462,                 2.0277,                 1.2781,                0.66841,                0.44851,                0.57117,                0.34122,                 1.0909,                 2.6993,                 1.3404,               0.008977,               0.008977,               0.008977
                     33,                 1.2264,                   1.96,                 1.2638,                0.62236,                 0.6619,                0.64168,                0.38685,                 1.0842,                 2.6652,                 1.4168,               0.008944,               0.008944,               0.008944
                     34,                 1.2515,                 2.0452,                 1.2617,                0.39892,                0.61905,                0.56126,                0.34421,                 1.1349,                 2.6294,                 1.4168,               0.008911,               0.008911,               0.008911
                     35,                 1.1578,                 1.9081,                 1.2178,                0.44037,                0.56218,                0.52601,                0.34244,                 1.1969,                 2.5672,                 1.5416,               0.008878,               0.008878,               0.008878
                     36,                 1.1961,                 1.9173,                 1.2424,                 0.3888,                0.49286,                0.56387,                0.33617,                 1.2214,                  2.384,                  1.609,               0.008845,               0.008845,               0.008845
                     37,                  1.174,                  1.895,                 1.2532,                0.47859,                0.79075,                0.71949,                0.51303,                0.99912,                 1.8695,                 1.3976,               0.008812,               0.008812,               0.008812
                     38,                 1.1632,                 1.9247,                 1.2529,                0.47343,                0.73812,                0.68129,                0.50321,                 0.9919,                 1.8522,                 1.3784,               0.008779,               0.008779,               0.008779
                     39,                 1.1786,                 1.9606,                 1.2532,                0.61045,                0.70469,                0.68977,                0.51073,                0.98339,                 2.1298,                 1.3932,               0.008746,               0.008746,               0.008746
                     40,                 1.1208,                 1.8484,                 1.2159,                0.47106,                0.72949,                  0.587,                0.36039,                 1.0151,                 2.7422,                 1.3865,               0.008713,               0.008713,               0.008713
                     41,                 1.1768,                 1.8308,                 1.2397,                0.48376,                0.78774,                0.62341,                0.42357,                0.98864,                 2.4071,                 1.3873,                0.00868,                0.00868,                0.00868
                     42,                 1.1253,                 1.7727,                  1.212,                 0.4336,                0.72978,                0.66229,                0.45003,                0.95659,                 2.2559,                 1.3438,               0.008647,               0.008647,               0.008647
                     43,                 1.1787,                 1.7866,                  1.257,                0.54351,                0.70785,                 0.7378,                0.51231,                0.92676,                 2.2861,                 1.3343,               0.008614,               0.008614,               0.008614
                     44,                 1.1646,                 1.8408,                 1.2257,                0.61391,                0.72412,                0.74483,                0.46228,                 1.0287,                 2.2028,                 1.4388,               0.008581,               0.008581,               0.008581
                     45,                 1.1099,                 1.7739,                 1.2147,                0.54873,                0.71635,                0.67704,                0.46204,                 1.0188,                 2.3703,                 1.4413,               0.008548,               0.008548,               0.008548
                     46,                 1.0928,                 1.7409,                 1.1911,                0.73511,                0.55534,                0.69814,                0.50497,                0.98191,                 2.3313,                 1.3887,               0.008515,               0.008515,               0.008515
                     47,                   1.09,                 1.7124,                 1.2073,                0.67446,                0.64501,                0.76256,                0.50255,                 1.0669,                 2.3696,                 1.4582,               0.008482,               0.008482,               0.008482
                     48,                 1.1065,                 1.7281,                 1.1973,                 0.6717,                0.61138,                0.76895,                0.46984,                 1.0862,                 2.1115,                 1.4772,               0.008449,               0.008449,               0.008449
                     49,                 1.1638,                 1.6831,                 1.1893,                0.66298,                0.48435,                0.62961,                0.40212,                 1.0877,                 2.5962,                 1.4604,               0.008416,               0.008416,               0.008416
                     50,                 1.1595,                 1.7162,                 1.2125,                0.51629,                0.67503,                0.74258,                0.44198,                 1.1457,                 2.4479,                 1.5137,               0.008383,               0.008383,               0.008383
                     51,                 1.1167,                 1.6781,                 1.2205,                0.73138,                0.79296,                 0.8198,                0.51308,                 1.1122,                 2.0327,                 1.5288,                0.00835,                0.00835,                0.00835
                     52,                 1.0926,                  1.677,                 1.2128,                 0.7405,                0.60869,                0.74887,                0.47839,                0.98711,                 2.0998,                 1.4533,               0.008317,               0.008317,               0.008317
                     53,                 1.0939,                   1.69,                 1.1973,                0.64811,                0.68847,                0.78667,                0.55766,                 0.9592,                 2.1687,                 1.4511,               0.008284,               0.008284,               0.008284
                     54,                 1.1039,                 1.6396,                  1.208,                0.58192,                0.66493,                0.72788,                0.49566,                0.99681,                 2.2586,                 1.4795,               0.008251,               0.008251,               0.008251
                     55,                 1.1305,                 1.7028,                 1.2234,                0.53741,                0.50378,                0.62015,                0.36065,                 1.1465,                 2.1362,                 1.5837,               0.008218,               0.008218,               0.008218
                     56,                 1.0693,                  1.605,                 1.1979,                0.69258,                0.57913,                0.71492,                0.51141,                0.96125,                 1.9689,                 1.3491,               0.008185,               0.008185,               0.008185
                     57,                 1.1082,                 1.6302,                 1.2212,                0.47142,                0.75588,                0.69956,                0.52323,                0.98313,                 2.0849,                 1.3814,               0.008152,               0.008152,               0.008152
                     58,                 1.0608,                 1.6064,                 1.1708,                0.70985,                0.63565,                0.72143,                0.50164,                 1.0549,                 2.3964,                 1.3967,               0.008119,               0.008119,               0.008119
                     59,                 1.0428,                 1.5562,                 1.1852,                0.58073,                0.74855,                0.76921,                0.54275,                 1.0086,                 1.8006,                 1.4237,               0.008086,               0.008086,               0.008086
                     60,                 1.0934,                 1.6099,                 1.1834,                 0.6334,                0.67664,                0.75833,                0.53194,                 1.0037,                 1.7058,                 1.4238,               0.008053,               0.008053,               0.008053
                     61,                 1.0839,                  1.529,                 1.1909,                 0.5225,                0.77619,                0.75842,                0.50539,                  1.033,                 1.7341,                 1.4549,                0.00802,                0.00802,                0.00802
                     62,                 1.0521,                 1.5177,                 1.1548,                0.70446,                0.62148,                0.73248,                0.50244,                 1.0284,                 1.8528,                   1.45,               0.007987,               0.007987,               0.007987
                     63,                 1.0146,                 1.5056,                 1.1658,                0.67639,                0.74028,                0.73751,                 0.5066,                 1.0562,                   1.78,                 1.5032,               0.007954,               0.007954,               0.007954
                     64,                 1.0574,                 1.4961,                 1.1605,                0.74387,                0.57096,                0.70274,                0.48112,                 1.0167,                 2.0835,                 1.4349,               0.007921,               0.007921,               0.007921
                     65,                 1.0668,                 1.5312,                 1.1878,                0.80603,                0.69906,                0.80982,                0.55013,                  1.108,                 1.8054,                  1.522,               0.007888,               0.007888,               0.007888
                     66,                 1.0812,                 1.5452,                 1.1673,                0.81508,                0.65867,                0.77023,                0.55342,                 1.0488,                 1.6536,                 1.4894,               0.007855,               0.007855,               0.007855
                     67,                 1.0601,                  1.558,                 1.1842,                0.48972,                0.73721,                0.74338,                0.55803,                 1.0016,                 1.5445,                 1.4003,               0.007822,               0.007822,               0.007822
                     68,                 1.0036,                   1.47,                 1.1503,                0.63931,                0.76292,                0.79757,                0.57143,                0.99388,                  1.628,                 1.3712,               0.007789,               0.007789,               0.007789
                     69,                 1.0073,                 1.4174,                 1.1389,                0.71332,                 0.7951,                0.84482,                0.63711,                0.92787,                 1.5776,                  1.288,               0.007756,               0.007756,               0.007756
                     70,                0.98783,                 1.4439,                 1.1542,                0.68326,                 0.7723,                0.84554,                0.63341,                0.90271,                 1.4224,                  1.271,               0.007723,               0.007723,               0.007723
                     71,                 1.0253,                 1.4512,                 1.1384,                0.71865,                0.75952,                0.81366,                0.58774,                 1.0197,                 1.6017,                 1.3972,                0.00769,                0.00769,                0.00769
                     72,                  1.017,                  1.438,                  1.143,                0.64647,                0.63518,                0.73123,                0.46854,                 1.0994,                 2.1598,                  1.528,               0.007657,               0.007657,               0.007657
                     73,                0.97348,                 1.4137,                 1.1343,                0.87452,                 0.6297,                0.79396,                0.52161,                0.95967,                 1.7169,                 1.4497,               0.007624,               0.007624,               0.007624
                     74,                 1.0306,                 1.5043,                 1.1548,                0.77403,                0.76766,                0.84317,                 0.6025,                0.94934,                 1.6474,                 1.3799,               0.007591,               0.007591,               0.007591
                     75,                0.95105,                 1.3223,                 1.1293,                0.69721,                0.64745,                 0.7697,                0.55646,                0.93235,                 1.7453,                 1.4037,               0.007558,               0.007558,               0.007558
                     76,                0.98816,                 1.3961,                 1.1252,                0.81059,                0.62747,                0.77094,                0.52288,                0.98351,                 1.7311,                 1.3881,               0.007525,               0.007525,               0.007525
                     77,                 1.0199,                 1.3888,                 1.1282,                0.71357,                0.80908,                0.83491,                0.55247,                 1.0133,                   1.51,                 1.3766,               0.007492,               0.007492,               0.007492
                     78,                0.96166,                 1.3572,                 1.1459,                0.62338,                0.81667,                0.79716,                0.55204,                 1.0003,                 1.5212,                 1.3342,               0.007459,               0.007459,               0.007459
                     79,                0.96592,                 1.3892,                 1.1115,                0.81605,                0.77893,                0.82485,                 0.5826,                0.94217,                 1.4092,                  1.318,               0.007426,               0.007426,               0.007426
                     80,                 0.9708,                 1.4143,                 1.1357,                0.74959,                0.69798,                0.79185,                0.54369,                0.93419,                  1.666,                 1.3553,               0.007393,               0.007393,               0.007393
                     81,                 1.0015,                 1.4408,                 1.1686,                0.58487,                0.77982,                0.75062,                0.52348,                0.94505,                 1.8994,                 1.3762,                0.00736,                0.00736,                0.00736
                     82,                 1.0354,                 1.4465,                 1.1788,                0.85071,                0.75132,                0.91985,                0.61395,                 1.0303,                 1.4483,                 1.4493,               0.007327,               0.007327,               0.007327
                     83,                0.97069,                 1.3186,                 1.1673,                 0.6815,                0.84839,                0.83947,                0.60313,                 1.0256,                 1.4951,                  1.422,               0.007294,               0.007294,               0.007294
                     84,                0.98481,                 1.2647,                 1.1296,                0.81119,                0.75551,                0.84596,                0.58753,                 1.0083,                 1.6021,                 1.4363,               0.007261,               0.007261,               0.007261
                     85,                0.98263,                 1.2982,                 1.1621,                0.85343,                0.66532,                0.87427,                0.62152,                0.97001,                 1.6626,                 1.3808,               0.007228,               0.007228,               0.007228
                     86,                0.97159,                 1.3111,                 1.1284,                0.75238,                0.84979,                0.86533,                0.59905,                 1.0672,                 1.6806,                 1.4783,               0.007195,               0.007195,               0.007195
                     87,                0.95237,                   1.31,                 1.1311,                0.73926,                0.81646,                0.84599,                0.58142,                 1.0514,                 1.5926,                 1.5071,               0.007162,               0.007162,               0.007162
                     88,                0.95761,                 1.2688,                 1.1554,                0.77193,                0.76786,                0.80161,                0.54052,                 1.0811,                 1.6573,                 1.5395,               0.007129,               0.007129,               0.007129
                     89,                0.95463,                 1.2685,                 1.1219,                0.60926,                0.79333,                0.77399,                0.55627,                0.99733,                 1.7527,                 1.4388,               0.007096,               0.007096,               0.007096
                     90,                0.98129,                 1.3371,                 1.1429,                0.71001,                0.83043,                0.85794,                0.62934,                0.99317,                 1.6736,                 1.4194,               0.007063,               0.007063,               0.007063
                     91,                0.97686,                 1.3351,                 1.1274,                0.84063,                0.79624,                0.90952,                 0.6603,                 1.0529,                 1.4793,                 1.4782,                0.00703,                0.00703,                0.00703
                     92,                0.95243,                 1.2809,                 1.1351,                0.91858,                0.78792,                 0.9124,                 0.6242,                 1.0212,                 1.4426,                 1.4796,               0.006997,               0.006997,               0.006997
                     93,                0.92018,                 1.2178,                 1.1235,                0.89703,                0.78998,                0.92136,                0.66324,                0.94013,                 1.4317,                 1.4663,               0.006964,               0.006964,               0.006964
                     94,                 0.9293,                 1.2979,                 1.1199,                0.86638,                0.71092,                 0.8999,                0.63399,                   0.98,                 1.4055,                 1.4478,               0.006931,               0.006931,               0.006931
                     95,                0.92948,                   1.23,                 1.1227,                0.67736,                0.69208,                0.77841,                0.55129,                0.95032,                 1.8194,                 1.4534,               0.006898,               0.006898,               0.006898
                     96,                0.96392,                 1.3021,                 1.1292,                0.67829,                0.76767,                0.82511,                0.57454,                0.98061,                  1.718,                 1.4644,               0.006865,               0.006865,               0.006865
                     97,                0.94692,                 1.3069,                 1.1383,                0.77949,                0.74562,                0.87101,                0.58567,                 1.0176,                 1.5821,                  1.482,               0.006832,               0.006832,               0.006832
                     98,                0.93359,                 1.2406,                 1.1113,                0.89147,                 0.8024,                0.93609,                 0.6178,                 1.0354,                 1.5073,                 1.5184,               0.006799,               0.006799,               0.006799
                     99,                0.92584,                 1.2201,                  1.107,                0.76793,                0.83745,                0.82996,                0.55573,                 1.0281,                 1.6372,                 1.4674,               0.006766,               0.006766,               0.006766
                    100,                  0.936,                 1.1849,                 1.1374,                0.77817,                0.85194,                0.88999,                0.63459,                0.92764,                 1.4748,                  1.353,               0.006733,               0.006733,               0.006733
                    101,                0.92617,                 1.2474,                 1.1187,                0.82878,                0.85614,                0.90029,                0.61004,                 1.0068,                  1.379,                 1.3754,                 0.0067,                 0.0067,                 0.0067
                    102,                0.91671,                 1.1662,                 1.1283,                0.80858,                 0.8206,                0.84957,                0.60164,                 0.9345,                  1.539,                 1.3379,               0.006667,               0.006667,               0.006667
                    103,                0.93108,                 1.2081,                 1.1014,                0.77141,                0.79172,                0.86128,                0.60577,                0.93842,                 1.4739,                 1.3926,               0.006634,               0.006634,               0.006634
                    104,                0.89479,                 1.1976,                 1.1124,                0.90635,                0.75521,                0.87876,                0.63467,                0.89239,                 1.3617,                 1.3593,               0.006601,               0.006601,               0.006601
                    105,                0.90448,                 1.1748,                  1.114,                0.91619,                0.78482,                0.90834,                0.65442,                0.92843,                  1.321,                 1.4152,               0.006568,               0.006568,               0.006568
                    106,                0.92684,                 1.2159,                 1.1182,                0.91246,                 0.7677,                0.93857,                0.69148,                0.93133,                 1.2505,                 1.4048,               0.006535,               0.006535,               0.006535
                    107,                0.91717,                 1.2804,                 1.1279,                0.91767,                0.83103,                0.94281,                0.69005,                0.97349,                 1.0799,                 1.4625,               0.006502,               0.006502,               0.006502
                    108,                0.90188,                 1.2008,                 1.0768,                0.88131,                0.75741,                0.92281,                0.65277,                0.97698,                 1.2683,                 1.4335,               0.006469,               0.006469,               0.006469
                    109,                0.94243,                  1.198,                 1.1282,                0.86079,                0.77789,                0.87282,                0.66842,                0.90402,                 1.4581,                 1.3786,               0.006436,               0.006436,               0.006436
                    110,                0.89344,                 1.1845,                 1.1217,                0.87469,                0.80812,                0.91998,                0.69786,                0.89001,                 1.2366,                 1.4033,               0.006403,               0.006403,               0.006403
                    111,                0.89261,                 1.1567,                 1.1096,                0.93398,                0.78781,                0.95063,                 0.7187,                0.94961,                 1.2647,                 1.4677,                0.00637,                0.00637,                0.00637
                    112,                0.92046,                 1.1882,                 1.1285,                0.87188,                0.89013,                0.94022,                0.70704,                0.92469,                 1.4462,                  1.448,               0.006337,               0.006337,               0.006337
                    113,                0.92928,                 1.2498,                 1.1441,                0.90621,                0.80377,                0.93662,                0.68624,                0.94936,                 1.3151,                 1.4992,               0.006304,               0.006304,               0.006304
                    114,                0.93207,                 1.2128,                 1.1235,                0.85066,                0.82661,                 0.9142,                0.62346,                 1.1461,                 1.5602,                 1.6982,               0.006271,               0.006271,               0.006271
                    115,                 0.9095,                 1.2003,                 1.1018,                 0.9178,                 0.6434,                0.88038,                0.61933,                 1.0264,                 1.6796,                 1.6079,               0.006238,               0.006238,               0.006238
                    116,                0.89452,                 1.1738,                 1.1124,                0.79583,                0.78307,                0.86448,                0.58627,                   1.04,                 1.5027,                 1.5439,               0.006205,               0.006205,               0.006205
                    117,                0.91808,                 1.1543,                    1.1,                0.87379,                0.77558,                0.85754,                0.56201,                 1.0859,                 1.5217,                 1.5292,               0.006172,               0.006172,               0.006172
                    118,                0.85615,                 1.1096,                 1.0687,                0.93928,                0.66906,                0.85223,                0.60011,                  1.049,                 1.4931,                  1.481,               0.006139,               0.006139,               0.006139
                    119,                0.90496,                 1.1624,                 1.1068,                0.92961,                0.74437,                0.85329,                0.64353,                 0.9627,                 1.4533,                  1.395,               0.006106,               0.006106,               0.006106
                    120,                0.85953,                 1.1409,                 1.0695,                0.74061,                0.85446,                0.84477,                 0.5958,                 1.0063,                 1.4287,                 1.4667,               0.006073,               0.006073,               0.006073
                    121,                0.90196,                 1.1998,                 1.1026,                0.78678,                0.81214,                0.87623,                0.61253,                 1.0007,                 1.3493,                 1.4961,                0.00604,                0.00604,                0.00604
                    122,                0.93453,                 1.1988,                 1.1269,                0.71479,                 0.6734,                0.87082,                0.61289,                 1.0072,                 1.5877,                 1.5072,               0.006007,               0.006007,               0.006007
                    123,                0.87613,                 1.1316,                 1.0837,                0.78165,                0.71808,                0.86522,                0.58806,                 1.0165,                 1.4915,                 1.5292,               0.005974,               0.005974,               0.005974
                    124,                 0.8693,                 1.1063,                 1.1075,                0.77033,                0.87376,                0.89776,                 0.5898,                 1.0268,                 1.3261,                 1.5435,               0.005941,               0.005941,               0.005941
                    125,                 0.8415,                 1.1335,                 1.0849,                 0.7689,                0.88743,                0.93703,                0.62197,                 1.1014,                 1.2729,                 1.5843,               0.005908,               0.005908,               0.005908
                    126,                0.83387,                 1.0739,                 1.0685,                0.86018,                0.84637,                0.94838,                0.64432,                 1.0849,                 1.3013,                 1.5675,               0.005875,               0.005875,               0.005875
                    127,                0.88497,                 1.0492,                 1.0974,                0.85862,                  0.868,                0.93126,                 0.6602,                 1.0228,                 1.2646,                 1.5093,               0.005842,               0.005842,               0.005842
                    128,                0.87684,                 1.0797,                 1.0941,                0.82901,                0.89287,                0.88209,                0.62485,                 1.0554,                 1.5038,                 1.5637,               0.005809,               0.005809,               0.005809
                    129,                0.88159,                 1.0988,                 1.1242,                0.92027,                0.84247,                0.87807,                0.63789,                0.98923,                 1.4633,                 1.4829,               0.005776,               0.005776,               0.005776
                    130,                0.91461,                 1.2335,                 1.1208,                0.89381,                0.87663,                0.91261,                0.66471,                 0.9645,                 1.2896,                 1.4367,               0.005743,               0.005743,               0.005743
                    131,                0.82559,                 1.0357,                 1.0761,                0.91518,                0.88829,                0.94078,                0.66636,                 1.0086,                 1.3325,                 1.5049,                0.00571,                0.00571,                0.00571
                    132,                0.88492,                 1.0998,                 1.0983,                0.87686,                0.80052,                0.90013,                0.63931,                0.96149,                 1.5519,                 1.4123,               0.005677,               0.005677,               0.005677
                    133,                0.87265,                 1.1076,                 1.0949,                0.90942,                0.84333,                0.93473,                0.66666,                 0.9908,                 1.2899,                 1.4542,               0.005644,               0.005644,               0.005644
                    134,                0.83577,                 1.0292,                 1.0755,                 0.8163,                0.80514,                0.90773,                0.68006,                0.88802,                 1.3777,                 1.3529,               0.005611,               0.005611,               0.005611
                    135,                0.84925,                 1.0802,                  1.104,                 0.7562,                0.76429,                0.90311,                0.64395,                0.97243,                 1.4476,                 1.4998,               0.005578,               0.005578,               0.005578
                    136,                0.87361,                  1.078,                 1.1224,                0.79071,                0.87587,                0.93559,                0.67411,                 1.0108,                 1.3963,                 1.5871,               0.005545,               0.005545,               0.005545
                    137,                0.82934,                 1.0408,                 1.0996,                0.80801,                0.90322,                0.95464,                0.68035,                 1.0433,                 1.1547,                 1.5996,               0.005512,               0.005512,               0.005512
                    138,                0.85992,                 1.0598,                 1.0917,                0.94853,                0.91598,                0.97969,                0.72836,                0.98655,                 1.0633,                 1.5367,               0.005479,               0.005479,               0.005479
                    139,                 0.8469,                  1.022,                 1.0911,                 0.9068,                0.79198,                0.95345,                 0.6867,                 1.0008,                 1.1669,                 1.5289,               0.005446,               0.005446,               0.005446
                    140,                0.84873,                 1.0408,                 1.0952,                0.82645,                0.86113,                0.89835,                0.66309,                0.94247,                 1.2843,                 1.4319,               0.005413,               0.005413,               0.005413
                    141,                0.85071,                  1.024,                 1.0717,                0.76803,                0.86471,                0.86106,                0.62109,                 1.0168,                 1.3914,                 1.4631,                0.00538,                0.00538,                0.00538
                    142,                0.81933,                 1.0643,                 1.0646,                 0.8206,                0.77032,                0.86262,                0.62371,                0.96362,                 1.3394,                   1.43,               0.005347,               0.005347,               0.005347
                    143,                0.84046,                 1.0446,                 1.0911,                0.79079,                0.79825,                0.84962,                0.63664,                0.96314,                 1.3834,                 1.4093,               0.005314,               0.005314,               0.005314
                    144,                0.84104,                 1.0418,                 1.0974,                0.81339,                0.78403,                0.87567,                0.65355,                0.91521,                 1.3463,                 1.3739,               0.005281,               0.005281,               0.005281
                    145,                0.81825,                 1.0417,                 1.0653,                 0.7651,                0.87143,                0.93932,                0.66588,                 1.0005,                 1.3321,                 1.4939,               0.005248,               0.005248,               0.005248
                    146,                0.83225,                 1.0147,                 1.0625,                0.86307,                0.83878,                0.92723,                0.63896,                 1.0729,                 1.2556,                 1.5701,               0.005215,               0.005215,               0.005215
                    147,                0.87099,                 1.0305,                 1.0742,                0.90469,                0.77025,                0.93321,                0.68547,                0.92316,                 1.3255,                 1.4194,               0.005182,               0.005182,               0.005182
                    148,                0.80014,                 1.0387,                 1.0566,                0.78139,                0.82344,                0.89854,                0.69123,                0.88654,                 1.3489,                 1.3962,               0.005149,               0.005149,               0.005149
                    149,                0.85512,                 1.0862,                 1.0965,                0.78723,                0.86192,                0.91048,                0.68271,                0.94893,                  1.282,                 1.4698,               0.005116,               0.005116,               0.005116
                    150,                0.81338,                 1.0467,                 1.0725,                0.88935,                0.77795,                0.90504,                0.66983,                0.92623,                 1.2481,                 1.4607,               0.005083,               0.005083,               0.005083
                    151,                0.83783,                 1.0266,                 1.1082,                0.71075,                0.80751,                0.89872,                0.68896,                0.91034,                  1.187,                 1.4295,                0.00505,                0.00505,                0.00505
                    152,                  0.826,                0.96179,                 1.0579,                0.66901,                0.88396,                0.91536,                0.66818,                0.88803,                 1.2808,                  1.375,               0.005017,               0.005017,               0.005017
                    153,                0.78451,                0.97136,                 1.0506,                0.75075,                0.82301,                0.89884,                 0.6661,                0.91179,                 1.4169,                 1.4112,               0.004984,               0.004984,               0.004984
                    154,                0.81351,                0.96125,                 1.0677,                0.75164,                0.87906,                0.90234,                0.66611,                0.92485,                 1.3717,                 1.4289,               0.004951,               0.004951,               0.004951
                    155,                0.81157,                 1.0375,                 1.0641,                  0.766,                0.88706,                 0.9208,                0.68371,                 0.9424,                 1.1703,                 1.4586,               0.004918,               0.004918,               0.004918
                    156,                0.83353,                 1.0654,                 1.0929,                0.90358,                0.83329,                0.96226,                0.70621,                0.99715,                   1.05,                 1.5337,               0.004885,               0.004885,               0.004885
                    157,                0.79127,                0.96145,                 1.0431,                0.89818,                 0.8931,                0.94356,                0.68517,                0.96702,                 1.1213,                 1.4861,               0.004852,               0.004852,               0.004852
                    158,                0.82379,                 0.9909,                 1.0735,                0.78646,                0.93571,                 0.9135,                 0.6576,                0.91606,                 1.2053,                 1.4285,               0.004819,               0.004819,               0.004819
                    159,                0.78713,                0.97517,                 1.0508,                0.80752,                0.86263,                0.92217,                0.69705,                 0.8797,                 1.3794,                 1.3572,               0.004786,               0.004786,               0.004786
                    160,                0.82433,                0.97887,                 1.0807,                0.82151,                0.81477,                0.87619,                0.66953,                0.88842,                 1.4961,                 1.3364,               0.004753,               0.004753,               0.004753
                    161,                0.83441,                0.99114,                 1.0916,                0.83106,                 0.7764,                 0.8651,                0.68499,                0.82419,                 1.5291,                 1.2834,                0.00472,                0.00472,                0.00472
                    162,                0.80369,                0.98962,                 1.0731,                0.85278,                 0.8684,                0.89793,                0.69396,                0.76569,                 1.2237,                  1.224,               0.004687,               0.004687,               0.004687
                    163,                0.77715,                0.98434,                 1.0595,                0.80139,                0.84913,                0.91135,                0.70127,                0.85926,                 1.2344,                 1.3134,               0.004654,               0.004654,               0.004654
                    164,                0.78375,                0.91556,                 1.0633,                0.90945,                0.82754,                0.93194,                0.70499,                0.89876,                 1.0599,                 1.3663,               0.004621,               0.004621,               0.004621
                    165,                0.77719,                0.95974,                 1.0583,                0.83819,                0.88002,                0.92416,                0.68786,                 0.9218,                 1.0482,                 1.4195,               0.004588,               0.004588,               0.004588
                    166,                  0.809,                0.94996,                 1.0617,                0.79358,                0.90994,                0.91279,                0.67935,                0.88602,                 1.0817,                 1.3937,               0.004555,               0.004555,               0.004555
                    167,                0.81882,                0.99101,                 1.0722,                0.90411,                 0.8284,                 0.9217,                0.70237,                0.85028,                 1.0969,                 1.3476,               0.004522,               0.004522,               0.004522
                    168,                0.81134,                0.96765,                 1.0555,                0.81561,                0.84242,                0.89304,                0.67457,                0.85633,                  1.186,                 1.3426,               0.004489,               0.004489,               0.004489
                    169,                0.80712,                0.96438,                 1.0478,                0.89489,                0.79762,                0.91736,                0.67805,                0.89824,                 1.2495,                 1.3845,               0.004456,               0.004456,               0.004456
                    170,                0.78423,                0.94721,                 1.0601,                0.87567,                0.79524,                0.88545,                0.68259,                0.92239,                 1.1618,                 1.4324,               0.004423,               0.004423,               0.004423
                    171,                0.81258,                0.97599,                 1.0782,                0.80308,                0.86952,                0.89946,                0.67393,                0.86975,                 1.2898,                 1.3525,                0.00439,                0.00439,                0.00439
                    172,                0.78515,                0.90576,                  1.046,                0.68048,                0.87738,                0.83368,                0.60264,                0.91258,                 1.4773,                 1.4044,               0.004357,               0.004357,               0.004357
                    173,                0.75318,                0.87466,                 1.0353,                0.68903,                0.83106,                0.82567,                0.60743,                0.90468,                 1.4648,                 1.3947,               0.004324,               0.004324,               0.004324
                    174,                0.77178,                0.96459,                  1.059,                0.70912,                0.85048,                0.84482,                0.62804,                0.88291,                 1.3627,                 1.3769,               0.004291,               0.004291,               0.004291
                    175,                0.82083,                0.94032,                  1.051,                0.73139,                0.89932,                0.87738,                0.62094,                0.96882,                 1.3323,                 1.4976,               0.004258,               0.004258,               0.004258
                    176,                0.73018,                0.90693,                 1.0483,                0.74695,                 0.8644,                0.92268,                0.67633,                 0.9728,                 1.1596,                 1.5193,               0.004225,               0.004225,               0.004225
                    177,                0.76614,                0.89461,                  1.023,                0.73221,                0.84811,                0.91585,                0.69674,                0.93285,                 1.2997,                 1.4527,               0.004192,               0.004192,               0.004192
                    178,                0.75737,                0.90145,                 1.0337,                  0.776,                0.88897,                0.92172,                0.69562,                0.95589,                 1.1447,                 1.5057,               0.004159,               0.004159,               0.004159
                    179,                0.80128,                 0.9031,                 1.0651,                 0.7603,                  0.814,                0.91665,                0.68037,                  0.955,                 1.2031,                  1.496,               0.004126,               0.004126,               0.004126
                    180,                0.72447,                0.89455,                 1.0173,                0.84365,                 0.7967,                0.89361,                0.66655,                0.95141,                  1.235,                 1.4886,               0.004093,               0.004093,               0.004093
                    181,                0.76085,                0.92487,                 1.0605,                0.66247,                0.89126,                0.88876,                0.66621,                0.92836,                 1.2487,                 1.4873,                0.00406,                0.00406,                0.00406
                    182,                 0.7057,                0.88157,                 1.0376,                0.79106,                0.80943,                0.87099,                0.67466,                0.93308,                 1.3227,                 1.4744,               0.004027,               0.004027,               0.004027
                    183,                0.72518,                0.88703,                 1.0318,                0.76959,                0.83208,                 0.9092,                 0.6859,                0.95594,                 1.2079,                 1.4738,               0.003994,               0.003994,               0.003994
                    184,                0.73644,                0.87414,                 1.0219,                0.77665,                0.86884,                0.92412,                0.67864,                0.96504,                 1.1683,                 1.4924,               0.003961,               0.003961,               0.003961
                    185,                0.77963,                0.91727,                 1.0577,                0.78636,                0.88804,                 0.9334,                0.69502,                0.92237,                 1.1713,                 1.4465,               0.003928,               0.003928,               0.003928
                    186,                0.74454,                0.88435,                  1.038,                0.87962,                 0.7678,                0.92207,                0.68609,                0.90098,                 1.2126,                 1.4245,               0.003895,               0.003895,               0.003895
                    187,                0.72778,                0.88257,                 1.0332,                0.83909,                0.87633,                0.94469,                0.69322,                0.90475,                  1.234,                 1.3996,               0.003862,               0.003862,               0.003862
                    188,                0.74593,                0.90172,                 1.0508,                 0.8471,                0.89135,                0.94917,                0.70065,                0.95193,                 1.1789,                 1.4246,               0.003829,               0.003829,               0.003829
